modelo,auc_roc_val
xgboost,0.8239974432167615
lightgbm,0.8237994815657353
catboost,0.8254132017401344
extra_trees,0.8062003169220482
logistic_regression,0.8019853491448392
random_forest,0.8199855160449223
