modelo,auc_roc_val
logistic_regression,0.8032996461497212
random_forest,0.8195681717826512
xgboost,0.8239974432167615
lightgbm,0.8237994815657353
catboost,0.8254132017401344
catboost_tuned,0.8263081558201559
xgboost_tuned,0.8252539083317871
lightgbm_tuned,0.8233612571578279
