modelo,auc_roc_val
logistic_regression,0.8019853491448392
random_forest,0.8199855160449223
xgboost,0.8247165267457852
catboost,0.8254435108704554
extra_trees,0.8060311360123047
lightgbm,0.8249796918245694
